<?xml version="1.0" encoding="UTF-8"?>
<project-private xmlns="http://www.netbeans.org/ns/project-private/1">
    <editor-bookmarks xmlns="http://www.netbeans.org/ns/editor-bookmarks/1"/>
    <editor-bookmarks xmlns="http://www.netbeans.org/ns/editor-bookmarks/2" lastBookmarkId="0"/>
    <open-files xmlns="http://www.netbeans.org/ns/projectui-open-files/2">
        <group>
            <file>file:/C:/mplab/WIFIROVER2016G/TCPIP/Demo%20App/rovercode.c</file>
            <file>file:/C:/mplab/WIFIROVER2016G/TCPIP/Demo%20App/WF_Config.h</file>
        </group>
    </open-files>
</project-private>
