<?xml version="1.0" encoding="UTF-8"?>
<configurationDescriptor version="62">
  <logicalFolder name="root" displayName="root" projectFiles="true">
    <logicalFolder name="HeaderFiles"
                   displayName="Header Files"
                   projectFiles="true">
      <logicalFolder name="Common" displayName="Common" projectFiles="true">
        <itemPath>../../../Microchip/Include/Compiler.h</itemPath>
        <itemPath>../../../Microchip/Include/GenericTypeDefs.h</itemPath>
      </logicalFolder>
      <logicalFolder name="TCPIP Stack" displayName="TCPIP Stack" projectFiles="true">
        <itemPath>../../../Microchip/Include/TCPIP Stack/Announce.h</itemPath>
        <itemPath>../../../Microchip/Include/TCPIP Stack/ARCFOUR.h</itemPath>
        <itemPath>../../../Microchip/Include/TCPIP Stack/ARP.h</itemPath>
        <itemPath>../../../Microchip/Include/TCPIP Stack/AutoIP.h</itemPath>
        <itemPath>../../../Microchip/Include/TCPIP Stack/BerkeleyAPI.h</itemPath>
        <itemPath>../../../Microchip/Include/TCPIP Stack/BigInt.h</itemPath>
        <itemPath>../../../Microchip/Include/TCPIP Stack/Delay.h</itemPath>
        <itemPath>../../../Microchip/Include/TCPIP Stack/DHCP.h</itemPath>
        <itemPath>../../../Microchip/Include/TCPIP Stack/DNS.h</itemPath>
        <itemPath>../../../Microchip/Include/TCPIP Stack/DynDNS.h</itemPath>
        <itemPath>../../../Microchip/Include/TCPIP Stack/ENC28J60.h</itemPath>
        <itemPath>../../../Microchip/Include/TCPIP Stack/ENCX24J600.h</itemPath>
        <itemPath>../../../Microchip/Include/TCPIP Stack/FileSystem.h</itemPath>
        <itemPath>../../../Microchip/Include/TCPIP Stack/FTP.h</itemPath>
        <itemPath>../../../Microchip/Include/TCPIP Stack/Hashes.h</itemPath>
        <itemPath>../../../Microchip/Include/TCPIP Stack/Helpers.h</itemPath>
        <itemPath>../../../Microchip/Include/TCPIP Stack/ICMP.h</itemPath>
        <itemPath>../../../Microchip/Include/TCPIP Stack/IP.h</itemPath>
        <itemPath>../../../Microchip/Include/TCPIP Stack/LCDBlocking.h</itemPath>
        <itemPath>../../../Microchip/Include/TCPIP Stack/MAC.h</itemPath>
        <itemPath>../../../Microchip/Include/TCPIP Stack/MPFS2.h</itemPath>
        <itemPath>../../../Microchip/Include/TCPIP Stack/NBNS.h</itemPath>
        <itemPath>../../../Microchip/Include/TCPIP Stack/Reboot.h</itemPath>
        <itemPath>../../../Microchip/Include/TCPIP Stack/regdef.h</itemPath>
        <itemPath>../../../Microchip/Include/TCPIP Stack/RSA.h</itemPath>
        <itemPath>../../../Microchip/Include/TCPIP Stack/SMTP.h</itemPath>
        <itemPath>../../../Microchip/Include/TCPIP Stack/SNMP.h</itemPath>
        <itemPath>../../../Microchip/Include/TCPIP Stack/SNMPv3.h</itemPath>
        <itemPath>../../../Microchip/Include/TCPIP Stack/SNTP.h</itemPath>
        <itemPath>../../../Microchip/Include/TCPIP Stack/SPIFlash.h</itemPath>
        <itemPath>../../../Microchip/Include/TCPIP Stack/SPIRAM.h</itemPath>
        <itemPath>../../../Microchip/Include/TCPIP Stack/SSL.h</itemPath>
        <itemPath>../../../Microchip/Include/TCPIP Stack/StackTsk.h</itemPath>
        <itemPath>../../../Microchip/Include/TCPIP Stack/TCP.h</itemPath>
        <itemPath>../../../Microchip/Include/TCPIP Stack/TCPIP.h</itemPath>
        <itemPath>../../../Microchip/Include/TCPIP Stack/TCPPerformanceTest.h</itemPath>
        <itemPath>../../../Microchip/Include/TCPIP Stack/TFTPc.h</itemPath>
        <itemPath>../../../Microchip/Include/TCPIP Stack/Tick.h</itemPath>
        <itemPath>../../../Microchip/Include/TCPIP Stack/UART.h</itemPath>
        <itemPath>../../../Microchip/Include/TCPIP Stack/UDP.h</itemPath>
        <itemPath>../../../Microchip/Include/TCPIP Stack/UDPPerformanceTest.h</itemPath>
        <itemPath>../../../Microchip/Include/TCPIP Stack/WFApi.h</itemPath>
        <itemPath>../../../Microchip/Include/TCPIP Stack/WFConsole.h</itemPath>
        <itemPath>../../../Microchip/Include/TCPIP Stack/WFConsoleIfconfig.h</itemPath>
        <itemPath>../../../Microchip/Include/TCPIP Stack/WFConsoleIwconfig.h</itemPath>
        <itemPath>../../../Microchip/Include/TCPIP Stack/WFConsoleIwpriv.h</itemPath>
        <itemPath>../../../Microchip/Include/TCPIP Stack/WFConsoleMsgHandler.h</itemPath>
        <itemPath>../../../Microchip/Include/TCPIP Stack/WFConsoleMsgs.h</itemPath>
        <itemPath>../../../Microchip/Include/TCPIP Stack/WFEasyConfig.h</itemPath>
        <itemPath>../../../Microchip/Include/TCPIP Stack/WFMac.h</itemPath>
        <itemPath>../../../Microchip/Include/TCPIP Stack/WFMgmtMsg.h</itemPath>
        <itemPath>../../../Microchip/Include/TCPIP Stack/XEEPROM.h</itemPath>
        <itemPath>../../../Microchip/Include/TCPIP Stack/ZeroconfHelper.h</itemPath>
        <itemPath>../../../Microchip/Include/TCPIP Stack/ZeroconfLinkLocal.h</itemPath>
        <itemPath>../../../Microchip/Include/TCPIP Stack/ZeroconfMulticastDNS.h</itemPath>
        <itemPath>../HardwareProfile.h</itemPath>
        <itemPath>../mib.h</itemPath>
        <itemPath>../TCPIPConfig.h</itemPath>
        <itemPath>../HTTPPrint.h</itemPath>
      </logicalFolder>
      <itemPath>../MainDemo.h</itemPath>
      <itemPath>../WF_Config.h</itemPath>
      <itemPath>../Configs/TCPIP MRF24WB PIC32_SK.h</itemPath>
      <itemPath>../Configs/HWP PIC32_GP_SK_MRF24WB.h</itemPath>
      <itemPath>../I2C.h</itemPath>
      <itemPath>../p32mx340f256h.h</itemPath>
    </logicalFolder>
    <logicalFolder name="LinkerScript"
                   displayName="Linker Files"
                   projectFiles="true">
    </logicalFolder>
    <logicalFolder name="SourceFiles"
                   displayName="Source Files"
                   projectFiles="true">
      <logicalFolder name="Examples" displayName="Examples" projectFiles="true">
        <itemPath>../GenericTCPServer.c</itemPath>
      </logicalFolder>
      <logicalFolder name="robot" displayName="robot" projectFiles="true">
        <itemPath>../I2C.c</itemPath>
        <itemPath>../rovercode.c</itemPath>
        <itemPath>../MARSGPS.c</itemPath>
      </logicalFolder>
      <logicalFolder name="TCPIP Stack" displayName="TCPIP Stack" projectFiles="true">
        <itemPath>../../../Microchip/TCPIP Stack/Announce.c</itemPath>
        <itemPath>../../../Microchip/TCPIP Stack/ARCFOUR.c</itemPath>
        <itemPath>../../../Microchip/TCPIP Stack/ARP.c</itemPath>
        <itemPath>../../../Microchip/TCPIP Stack/AutoIP.c</itemPath>
        <itemPath>../../../Microchip/TCPIP Stack/BerkeleyAPI.c</itemPath>
        <itemPath>../../../Microchip/TCPIP Stack/BigInt.c</itemPath>
        <itemPath>../../../Microchip/TCPIP Stack/Delay.c</itemPath>
        <itemPath>../../../Microchip/TCPIP Stack/DHCP.c</itemPath>
        <itemPath>../../../Microchip/TCPIP Stack/DHCPs.c</itemPath>
        <itemPath>../../../Microchip/TCPIP Stack/DNS.c</itemPath>
        <itemPath>../../../Microchip/TCPIP Stack/DNSs.c</itemPath>
        <itemPath>../../../Microchip/TCPIP Stack/DynDNS.c</itemPath>
        <itemPath>../../../Microchip/TCPIP Stack/ENC28J60.c</itemPath>
        <itemPath>../../../Microchip/TCPIP Stack/ENCX24J600.c</itemPath>
        <itemPath>../../../Microchip/TCPIP Stack/FileSystem.c</itemPath>
        <itemPath>../../../Microchip/TCPIP Stack/FTP.c</itemPath>
        <itemPath>../../../Microchip/TCPIP Stack/Hashes.c</itemPath>
        <itemPath>../../../Microchip/TCPIP Stack/Helpers.c</itemPath>
        <itemPath>../../../Microchip/TCPIP Stack/ICMP.c</itemPath>
        <itemPath>../../../Microchip/TCPIP Stack/IP.c</itemPath>
        <itemPath>../../../Microchip/TCPIP Stack/LCDBlocking.c</itemPath>
        <itemPath>../../../Microchip/TCPIP Stack/MPFS2.c</itemPath>
        <itemPath>../../../Microchip/TCPIP Stack/NBNS.c</itemPath>
        <itemPath>../../../Microchip/TCPIP Stack/Reboot.c</itemPath>
        <itemPath>../../../Microchip/TCPIP Stack/RSA.c</itemPath>
        <itemPath>../../../Microchip/TCPIP Stack/SMTP.c</itemPath>
        <itemPath>../../../Microchip/TCPIP Stack/SNMP.c</itemPath>
        <itemPath>../../../Microchip/TCPIP Stack/SNMPv3.c</itemPath>
        <itemPath>../../../Microchip/TCPIP Stack/SNMPv3USM.c</itemPath>
        <itemPath>../../../Microchip/TCPIP Stack/SNTP.c</itemPath>
        <itemPath>../../../Microchip/TCPIP Stack/SPIEEPROM.c</itemPath>
        <itemPath>../../../Microchip/TCPIP Stack/SPIFlash.c</itemPath>
        <itemPath>../../../Microchip/TCPIP Stack/SPIRAM.c</itemPath>
        <itemPath>../../../Microchip/TCPIP Stack/SSL.c</itemPath>
        <itemPath>../../../Microchip/TCPIP Stack/StackTsk.c</itemPath>
        <itemPath>../../../Microchip/TCPIP Stack/TCP.c</itemPath>
        <itemPath>../../../Microchip/TCPIP Stack/TFTPc.c</itemPath>
        <itemPath>../../../Microchip/TCPIP Stack/Tick.c</itemPath>
        <itemPath>../../../Microchip/TCPIP Stack/UART.c</itemPath>
        <itemPath>../../../Microchip/TCPIP Stack/UDP.c</itemPath>
        <itemPath>../../../Microchip/TCPIP Stack/ZeroconfHelper.c</itemPath>
        <itemPath>../../../Microchip/TCPIP Stack/ZeroconfLinkLocal.c</itemPath>
        <itemPath>../../../Microchip/TCPIP Stack/ZeroconfMulticastDNS.c</itemPath>
        <itemPath>../MPFSImg2.c</itemPath>
        <itemPath>../../../Microchip/TCPIP Stack/BigInt_helper_C32.S</itemPath>
      </logicalFolder>
      <logicalFolder name="Wi-Fi" displayName="Wi-Fi" projectFiles="true">
        <itemPath>../../../Microchip/TCPIP Stack/WiFi/WF_Eint.c</itemPath>
        <itemPath>../../../Microchip/TCPIP Stack/WiFi/WF_Spi.c</itemPath>
        <itemPath>../../../Microchip/TCPIP Stack/WiFi/WFConnectionAlgorithm.c</itemPath>
        <itemPath>../../../Microchip/TCPIP Stack/WiFi/WFConnectionManager.c</itemPath>
        <itemPath>../../../Microchip/TCPIP Stack/WiFi/WFConnectionProfile.c</itemPath>
        <itemPath>../../../Microchip/TCPIP Stack/WiFi/WFConsole.c</itemPath>
        <itemPath>../../../Microchip/TCPIP Stack/WiFi/WFConsoleIfconfig.c</itemPath>
        <itemPath>../../../Microchip/TCPIP Stack/WiFi/WFConsoleIwconfig.c</itemPath>
        <itemPath>../../../Microchip/TCPIP Stack/WiFi/WFConsoleIwpriv.c</itemPath>
        <itemPath>../../../Microchip/TCPIP Stack/WiFi/WFConsoleMsgHandler.c</itemPath>
        <itemPath>../../../Microchip/TCPIP Stack/WiFi/WFConsoleMsgs.c</itemPath>
        <itemPath>../../../Microchip/TCPIP Stack/WiFi/WFDataTxRx.c</itemPath>
        <itemPath>../../../Microchip/TCPIP Stack/WiFi/WFEasyConfig.c</itemPath>
        <itemPath>../../../Microchip/TCPIP Stack/WiFi/WFEventHandler.c</itemPath>
        <itemPath>../../../Microchip/TCPIP Stack/WiFi/WFInit.c</itemPath>
        <itemPath>../../../Microchip/TCPIP Stack/WiFi/WFPowerSave.c</itemPath>
        <itemPath>../../../Microchip/TCPIP Stack/WiFi/WFScan.c</itemPath>
        <itemPath>../../../Microchip/TCPIP Stack/WiFi/WFTxPower.c</itemPath>
        <itemPath>../WF_Config.c</itemPath>
        <itemPath>../../../Microchip/TCPIP Stack/WiFi/WF_pbkdf2.c</itemPath>
        <itemPath>../../../Microchip/TCPIP Stack/WiFi/WFMac_24G.c</itemPath>
        <itemPath>../../../Microchip/TCPIP Stack/WiFi/WFMgmtMsg_24G.c</itemPath>
        <itemPath>../../../Microchip/TCPIP Stack/WiFi/WFParamMsg_24G.c</itemPath>
        <itemPath>../../../Microchip/TCPIP Stack/WiFi/WFDebugStrings.c</itemPath>
        <itemPath>../../../Microchip/TCPIP Stack/WiFi/WFDriverCom_24G.c</itemPath>
        <itemPath>../../../Microchip/TCPIP Stack/WiFi/WFDriverRaw_24G.c</itemPath>
      </logicalFolder>
      <itemPath>../CustomSSLCert.c</itemPath>
      <itemPath>../MainDemo.c</itemPath>
    </logicalFolder>
    <logicalFolder name="ExternalFiles"
                   displayName="Important Files"
                   projectFiles="false">
      <itemPath>Makefile</itemPath>
    </logicalFolder>
    <logicalFolder name="OtherFiles" displayName="Other Files" projectFiles="false">
      <itemPath>../../../Microchip/TCPIP Stack/TCPIP Stack Version.txt</itemPath>
    </logicalFolder>
  </logicalFolder>
  <sourceRootList>
    <Elem>..</Elem>
    <Elem>../../../Microchip/TCPIP Stack/WiFi</Elem>
  </sourceRootList>
  <projectmakefile>Makefile</projectmakefile>
  <confs>
    <conf name="default" type="2">
      <toolsSet>
        <developmentServer>localhost</developmentServer>
        <targetDevice>PIC32MX340F256H</targetDevice>
        <targetHeader></targetHeader>
        <targetPluginBoard></targetPluginBoard>
        <platformTool>ICD3PlatformTool</platformTool>
        <languageToolchain>XC32</languageToolchain>
        <languageToolchainVersion>1.31</languageToolchainVersion>
        <platform>3</platform>
      </toolsSet>
      <compileType>
        <linkerTool>
          <linkerLibItems>
          </linkerLibItems>
        </linkerTool>
        <archiverTool>
        </archiverTool>
        <loading>
          <useAlternateLoadableFile>false</useAlternateLoadableFile>
          <parseOnProdLoad>true</parseOnProdLoad>
          <alternateLoadableFile></alternateLoadableFile>
        </loading>
      </compileType>
      <makeCustomizationType>
        <makeCustomizationPreStepEnabled>false</makeCustomizationPreStepEnabled>
        <makeCustomizationPreStep>..\Microchip\TCPIP Stack\Utilities\Timer -s</makeCustomizationPreStep>
        <makeCustomizationPostStepEnabled>false</makeCustomizationPostStepEnabled>
        <makeCustomizationPostStep>..\Microchip\TCPIP Stack\Utilities\Timer -d</makeCustomizationPostStep>
        <makeCustomizationPutChecksumInUserID>false</makeCustomizationPutChecksumInUserID>
        <makeCustomizationEnableLongLines>false</makeCustomizationEnableLongLines>
        <makeCustomizationNormalizeHexFile>false</makeCustomizationNormalizeHexFile>
      </makeCustomizationType>
      <C32>
        <property key="additional-warnings" value="true"/>
        <property key="enable-app-io" value="false"/>
        <property key="enable-omit-frame-pointer" value="false"/>
        <property key="enable-symbols" value="true"/>
        <property key="enable-unroll-loops" value="false"/>
        <property key="exclude-floating-point" value="false"/>
        <property key="extra-include-directories"
                  value="..;../../Microchip/Include;../../../Microchip/Include;../../../Microchip/Include/TCPIP Stack;../Configs;."/>
        <property key="generate-16-bit-code" value="false"/>
        <property key="generate-micro-compressed-code" value="false"/>
        <property key="isolate-each-function" value="false"/>
        <property key="make-warnings-into-errors" value="false"/>
        <property key="optimization-level" value=""/>
        <property key="place-data-into-section" value="false"/>
        <property key="post-instruction-scheduling" value="default"/>
        <property key="pre-instruction-scheduling" value="default"/>
        <property key="preprocessor-macros" value="CFG_INCLUDE_PIC32_GP_SK_MRF24WB"/>
        <property key="strict-ansi" value="false"/>
        <property key="support-ansi" value="false"/>
        <property key="use-cci" value="false"/>
        <property key="use-iar" value="false"/>
        <property key="use-indirect-calls" value="false"/>
      </C32>
      <C32-AR>
        <property key="additional-options-chop-files" value="false"/>
      </C32-AR>
      <C32-AS>
        <property key="assembler-symbols" value=""/>
        <property key="enable-symbols" value="true"/>
        <property key="exclude-floating-point-library" value="false"/>
        <property key="expand-macros" value="false"/>
        <property key="extra-include-directories-for-assembler" value="..;."/>
        <property key="extra-include-directories-for-preprocessor"
                  value="..;../../Microchip/Include;../../../Microchip/Include;../../../Microchip/Include/TCPIP Stack;../Configs;."/>
        <property key="false-conditionals" value="false"/>
        <property key="keep-locals" value="false"/>
        <property key="list-assembly" value="false"/>
        <property key="list-source" value="false"/>
        <property key="list-symbols" value="false"/>
        <property key="oXC32asm-list-to-file" value="false"/>
        <property key="omit-debug-dirs" value="false"/>
        <property key="omit-forms" value="false"/>
        <property key="preprocessor-macros" value="CFG_INCLUDE_PIC32_GP_SK_MRF24WB"/>
        <property key="warning-level" value=""/>
      </C32-AS>
      <C32-LD>
        <property key="additional-options-use-response-files" value="false"/>
        <property key="enable-check-sections" value="false"/>
        <property key="exclude-floating-point-library" value="false"/>
        <property key="exclude-standard-libraries" value="false"/>
        <property key="extra-lib-directories" value="..;."/>
        <property key="fill-flash-options-addr" value=""/>
        <property key="fill-flash-options-const" value=""/>
        <property key="fill-flash-options-how" value="0"/>
        <property key="fill-flash-options-inc-const" value=""/>
        <property key="fill-flash-options-increment" value=""/>
        <property key="fill-flash-options-seq" value=""/>
        <property key="fill-flash-options-what" value="0"/>
        <property key="generate-16-bit-code" value="false"/>
        <property key="generate-cross-reference-file" value="false"/>
        <property key="generate-micro-compressed-code" value="false"/>
        <property key="heap-size" value=""/>
        <property key="input-libraries" value=""/>
        <property key="linker-symbols" value=""/>
        <property key="map-file"
                  value="&quot;${DISTDIR}/WiFiRover2014G.X.${IMAGE_TYPE}.map&quot;"/>
        <property key="no-startup-files" value="false"/>
        <property key="oXC32ld-extra-opts" value=""/>
        <property key="optimization-level" value="-Os"/>
        <property key="preprocessor-macros" value=""/>
        <property key="remove-unused-sections" value="false"/>
        <property key="report-memory-usage" value="true"/>
        <property key="stack-size" value=""/>
        <property key="symbol-stripping" value=""/>
        <property key="trace-symbols" value=""/>
        <property key="warn-section-align" value="false"/>
      </C32-LD>
      <C32CPP>
        <property key="additional-warnings" value="false"/>
        <property key="check-new" value="false"/>
        <property key="eh-specs" value="true"/>
        <property key="enable-app-io" value="false"/>
        <property key="enable-omit-frame-pointer" value="false"/>
        <property key="enable-symbols" value="true"/>
        <property key="enable-unroll-loops" value="false"/>
        <property key="exceptions" value="true"/>
        <property key="exclude-floating-point" value="false"/>
        <property key="extra-include-directories" value=""/>
        <property key="generate-16-bit-code" value="false"/>
        <property key="generate-micro-compressed-code" value="false"/>
        <property key="isolate-each-function" value="false"/>
        <property key="make-warnings-into-errors" value="false"/>
        <property key="optimization-level" value=""/>
        <property key="place-data-into-section" value="false"/>
        <property key="post-instruction-scheduling" value="default"/>
        <property key="pre-instruction-scheduling" value="default"/>
        <property key="preprocessor-macros" value=""/>
        <property key="rtti" value="true"/>
        <property key="strict-ansi" value="false"/>
        <property key="use-cci" value="false"/>
        <property key="use-iar" value="false"/>
        <property key="use-indirect-calls" value="false"/>
      </C32CPP>
      <C32Global>
        <property key="common-include-directories" value=""/>
        <property key="gp-relative-option" value=""/>
        <property key="legacy-libc" value="false"/>
        <property key="relaxed-math" value="false"/>
        <property key="save-temps" value="false"/>
        <property key="wpo-lto" value="false"/>
      </C32Global>
      <ICD3PlatformTool>
        <property key="ADC 1" value="true"/>
        <property key="AutoSelectMemRanges" value="auto"/>
        <property key="CHANGE NOTICE" value="true"/>
        <property key="COMPARATOR" value="true"/>
        <property key="DMA" value="true"/>
        <property key="Freeze All Other Peripherals" value="true"/>
        <property key="I2C1" value="true"/>
        <property key="I2C2" value="true"/>
        <property key="INPUT CAPTURE 1" value="true"/>
        <property key="INPUT CAPTURE 2" value="true"/>
        <property key="INPUT CAPTURE 3" value="true"/>
        <property key="INPUT CAPTURE 4" value="true"/>
        <property key="INPUT CAPTURE 5" value="true"/>
        <property key="INTERRUPT CONTROL" value="true"/>
        <property key="OUTPUT COMPARE 1" value="true"/>
        <property key="OUTPUT COMPARE 2" value="true"/>
        <property key="OUTPUT COMPARE 3" value="true"/>
        <property key="OUTPUT COMPARE 4" value="true"/>
        <property key="OUTPUT COMPARE 5" value="true"/>
        <property key="PARALLEL MASTER/SLAVE PORT" value="true"/>
        <property key="REAL TIME CLOCK" value="true"/>
        <property key="SPI 1" value="true"/>
        <property key="SPI 2" value="true"/>
        <property key="SecureSegment.SegmentProgramming" value="FullChipProgramming"/>
        <property key="TIMER1" value="true"/>
        <property key="TIMER2" value="true"/>
        <property key="TIMER3" value="true"/>
        <property key="TIMER4" value="true"/>
        <property key="TIMER5" value="true"/>
        <property key="ToolFirmwareFilePath"
                  value="Press to browse for a specific firmware version"/>
        <property key="ToolFirmwareOption.UseLatestFirmware" value="true"/>
        <property key="UART1" value="true"/>
        <property key="UART2" value="true"/>
        <property key="debugoptions.useswbreakpoints" value="false"/>
        <property key="hwtoolclock.frcindebug" value="false"/>
        <property key="memories.aux" value="false"/>
        <property key="memories.bootflash" value="false"/>
        <property key="memories.configurationmemory" value="true"/>
        <property key="memories.configurationmemory2" value="true"/>
        <property key="memories.dataflash" value="true"/>
        <property key="memories.eeprom" value="true"/>
        <property key="memories.flashdata" value="true"/>
        <property key="memories.id" value="true"/>
        <property key="memories.programmemory" value="true"/>
        <property key="memories.programmemory.end" value="0x1d03ffff"/>
        <property key="memories.programmemory.partition2" value="true"/>
        <property key="memories.programmemory.partition2.end"
                  value="${memories.programmemory.partition2.end.value}"/>
        <property key="memories.programmemory.partition2.start"
                  value="${memories.programmemory.partition2.start.value}"/>
        <property key="memories.programmemory.start" value="0x1d000000"/>
        <property key="poweroptions.powerenable" value="false"/>
        <property key="programoptions.donoteraseauxmem" value="false"/>
        <property key="programoptions.eraseb4program" value="true"/>
        <property key="programoptions.preservedataflash" value="false"/>
        <property key="programoptions.preserveeeprom" value="false"/>
        <property key="programoptions.preserveprogramrange" value="false"/>
        <property key="programoptions.preserveprogramrange.end" value="0x1d03ffff"/>
        <property key="programoptions.preserveprogramrange.start" value="0x1d000000"/>
        <property key="programoptions.preserveuserid" value="false"/>
        <property key="programoptions.programcalmem" value="false"/>
        <property key="programoptions.programuserotp" value="false"/>
        <property key="programoptions.testmodeentrymethod" value="VPPFirst"/>
        <property key="programoptions.usehighvoltageonmclr" value="false"/>
        <property key="programoptions.uselvpprogramming" value="false"/>
        <property key="voltagevalue" value="3.25"/>
      </ICD3PlatformTool>
    </conf>
  </confs>
</configurationDescriptor>
